"AccountName","Company","DisplayName","EmployeeID","Fax","GivenName","Surname","HomePhone","Initials","City","Domain","MobilePhone","Office","StreetAddress","PostalCode","Street","OfficePhone","Title","Enabled","PasswordNeverExpires","UserPrincipalName","mailNickname","st","otherHomePhone","otherTelephone","pager","msExchHideFromAddressLists","targetAddress","textEncodedOrAddress","legacyExchangeDN","msRTCSIP-PrimaryUserAddress"
"cpl-vr-1","Army","Viktoria Revol","25101676",,"Viktoria","07495 377 391","0203 942 4491",,"Paris","CPL","07495 377 391","Deuxi??me Bureau","144 Rue Lecourbe, 75015, Paris, France","75015","144 Rue Lecourbe","0208 229 1723","Manager","True","True","viktoria.revol@cpl.contoso.com","viktoria.revol","144 Rue Lecourbe","0209 683 4128",,"0205 292 1528","True","SMTP:viktoria.revol@cpl.contoso.com","C=FR;A= ;P=CPL;O=CPL;S=Revol;G=Viktoria;","/o=CPL/ou=Exchange Administrative Group (FYDIBOHF23SPDLT)/cn=Recipients/cn=Viktoria Revol",
"cpl-mr-2","Army","Maliha Rateau","83546542","0208 502 9023","Maliha","07925 965 864","0203 879 3902",,"Paris","CPL","07925 965 864","Premier Bureau","210 Rue Saint-Maur, 75010, Paris, France","75010","210 Rue Saint-Maur","0208 969 6696","Representative","True","True","maliha.rateau@cpl.contoso.com","maliha.rateau","210 Rue Saint-Maur","0209 592 4343",,"0205 625 2185",,"SMTP:maliha.rateau@cpl.contoso.com","C=FR;A= ;P=CPL;O=CPL;S=Rateau;G=Maliha;","/o=CPL/ou=Exchange Administrative Group (FYDIBOHF23SPDLT)/cn=Recipients/cn=Maliha Rateau","sip:maliha.rateau@cpl.contoso.com"
"cpl-yn-3","Navy","Yasmin Nique","96979964","0208 974 7716","Yasmin","07541 712 552","0203 890 1352",,"Paris","CPL","07541 712 552","Deuxi??me Bureau","144 Rue Lecourbe, 75015, Paris, France","75015","144 Rue Lecourbe","0208 874 9475","Manager","True","True","yasmin.nique@cpl.contoso.com","yasmin.nique","144 Rue Lecourbe",,"0206 287 3846","0205 948 2115","False","SMTP:yasmin.nique@cpl.contoso.com",,,"sip:yasmin.nique@cpl.contoso.com"
"cpl-lc-4","Navy","Leena Carron","86934966",,"Leena","07805 374 274","0203 859 6054","a","Paris","CPL","07805 374 274","Deuxi??me Bureau","144 Rue Lecourbe, 75015, Paris, France","75015","144 Rue Lecourbe","0208 318 3287","Manager","True","True","leena.carron@cpl.contoso.com","leena.carron","144 Rue Lecourbe","0209 678 2586",,"0205 742 3899",,"SMTP:leena.carron@cpl.contoso.com","C=FR;A= ;P=CPL;O=CPL;S=Carron;G=Leena;","/o=CPL/ou=Exchange Administrative Group (FYDIBOHF23SPDLT)/cn=Recipients/cn=Leena Carron","sip:leena.carron@cpl.contoso.com"
"cpl-el-5","Army","Elspeth Labarre","16816612","0208 553 8906","Elspeth","07835 713 511","0203 766 6882","f","Paris","CPL","07835 713 511","Premier Bureau","210 Rue Saint-Maur, 75010, Paris, France","75010","210 Rue Saint-Maur","0208 371 5534","Manager","True","True","elspeth.labarre@cpl.contoso.com","elspeth.labarre","210 Rue Saint-Maur","0209 284 6287","0206 929 6859","0205 944 1543","False","SMTP:elspeth.labarre@cpl.contoso.com","C=FR;A= ;P=CPL;O=CPL;S=Labarre;G=Elspeth;","/o=CPL/ou=Exchange Administrative Group (FYDIBOHF23SPDLT)/cn=Recipients/cn=Elspeth Labarre","sip:elspeth.labarre@cpl.contoso.com"
"cpl-go-6","Army","Gabrielle Oliger","54327296",,"Gabrielle","07192 942 203","0203 691 6960",,"Paris","CPL","07192 942 203","Deuxi??me Bureau","144 Rue Lecourbe, 75015, Paris, France","75015","144 Rue Lecourbe","0208 706 5624","Manager","True","True","gabrielle.oliger@cpl.contoso.com","gabrielle.oliger","144 Rue Lecourbe","0209 849 4009",,"0205 803 4987",,"SMTP:gabrielle.oliger@cpl.contoso.com","C=FR;A= ;P=CPL;O=CPL;S=Oliger;G=Gabrielle;","/o=CPL/ou=Exchange Administrative Group (FYDIBOHF23SPDLT)/cn=Recipients/cn=Gabrielle Oliger",
"cpl-mx-7","Army","Mia-rose Xorgh","38875628","0208 262 8132","Mia-rose","07115 605 648","0203 630 5520","S","Paris","CPL","07115 605 648","Deuxi??me Bureau","144 Rue Lecourbe, 75015, Paris, France","75015","144 Rue Lecourbe","0208 328 4756","Engineer","True","True","mia-rose.xorgh@cpl.contoso.com","mia-rose.xorgh","144 Rue Lecourbe","0209 331 4597",,"0205 280 3889","True",,"C=FR;A= ;P=CPL;O=CPL;S=Xorgh;G=Mia-rose;","/o=CPL/ou=Exchange Administrative Group (FYDIBOHF23SPDLT)/cn=Recipients/cn=Mia-rose Xorgh","sip:mia-rose.xorgh@cpl.contoso.com"
"cpl-at-8","Army","Amelia Thouvenot","93103009",,"Amelia","07989 854 944","0203 924 2151","Q","Paris","CPL","07989 854 944","Premier Bureau","210 Rue Saint-Maur, 75010, Paris, France","75010","210 Rue Saint-Maur","0208 458 7898","Manager","True","True","amelia.thouvenot@cpl.contoso.com","amelia.thouvenot","210 Rue Saint-Maur","0209 731 9093","0206 243 1474","0205 230 1426",,"SMTP:amelia.thouvenot@cpl.contoso.com",,,"sip:amelia.thouvenot@cpl.contoso.com"
"cpl-cq-9","Army","Cleo Quenec H","46672541","0208 749 7512","Cleo","07505 706 234","0203 492 2205","S","Paris","CPL","07505 706 234","Premier Bureau","210 Rue Saint-Maur, 75010, Paris, France","75010","210 Rue Saint-Maur","0208 768 5816","Manager","True","True","cleo.quenec h@cpl.contoso.com","cleo.quenec h","210 Rue Saint-Maur","0209 393 6098","0206 496 6533","0205 888 7916",,"SMTP:cleo.quenec h@cpl.contoso.com","C=FR;A= ;P=CPL;O=CPL;S=Quenec H;G=Cleo;","/o=CPL/ou=Exchange Administrative Group (FYDIBOHF23SPDLT)/cn=Recipients/cn=Cleo Quenec H",
"cpl-ig-10","Navy","Isabella Galand","38591854",,"Isabella","07377 475 856","0203 605 2762","b","Paris","CPL","07377 475 856","Premier Bureau","210 Rue Saint-Maur, 75010, Paris, France","75010","210 Rue Saint-Maur","0208 839 2604","Manager","True","True","isabella.galand@cpl.contoso.com","isabella.galand","210 Rue Saint-Maur",,"0206 781 4589","0205 252 3540",,"SMTP:isabella.galand@cpl.contoso.com",,,"sip:isabella.galand@cpl.contoso.com"
"cpl-ed-11","Navy","Esme Daoud","24777564",,"Esme","07563 779 756","0203 474 7200",,"Paris","CPL","07563 779 756","Premier Bureau","210 Rue Saint-Maur, 75010, Paris, France","75010","210 Rue Saint-Maur","0208 951 7350","Coordinator","True","True","esme.daoud@cpl.contoso.com","esme.daoud","210 Rue Saint-Maur","0209 324 5583",,"0205 669 9967","False","SMTP:esme.daoud@cpl.contoso.com","C=FR;A= ;P=CPL;O=CPL;S=Daoud;G=Esme;","/o=CPL/ou=Exchange Administrative Group (FYDIBOHF23SPDLT)/cn=Recipients/cn=Esme Daoud",
"cpl-ss-12","Army","Shelby Schultz","68603156",,"Shelby","07401 685 831","0203 660 7454","c","Paris","CPL","07401 685 831","Deuxi??me Bureau","144 Rue Lecourbe, 75015, Paris, France","75015","144 Rue Lecourbe","0208 273 4983","Manager","True","True","shelby.schultz@cpl.contoso.com","shelby.schultz","144 Rue Lecourbe",,,"0205 624 8126",,"SMTP:shelby.schultz@cpl.contoso.com",,,
"cpl-rz-13","Army","Robyn Zanarelli","13172797","0208 816 8515","Robyn","07515 441 720","0203 913 3667","p","Paris","CPL","07515 441 720","Premier Bureau","210 Rue Saint-Maur, 75010, Paris, France","75010","210 Rue Saint-Maur","0208 477 7091","Coordinator","True","True","robyn.zanarelli@cpl.contoso.com","robyn.zanarelli","210 Rue Saint-Maur","0209 821 5057",,"0205 668 8753",,,"C=FR;A= ;P=CPL;O=CPL;S=Zanarelli;G=Robyn;","/o=CPL/ou=Exchange Administrative Group (FYDIBOHF23SPDLT)/cn=Recipients/cn=Robyn Zanarelli","sip:robyn.zanarelli@cpl.contoso.com"
"cpl-mr-14","Navy","Minahil Regine","19247887",,"Minahil","07736 935 698","0203 553 2246","y","Paris","CPL","07736 935 698","Deuxi??me Bureau","144 Rue Lecourbe, 75015, Paris, France","75015","144 Rue Lecourbe","0208 674 5201","Administrator","True","True","minahil.regine@cpl.contoso.com","minahil.regine","144 Rue Lecourbe","0209 296 7166",,"0205 344 4537","False",,"C=FR;A= ;P=CPL;O=CPL;S=Regine;G=Minahil;","/o=CPL/ou=Exchange Administrative Group (FYDIBOHF23SPDLT)/cn=Recipients/cn=Minahil Regine","sip:minahil.regine@cpl.contoso.com"
"cpl-sd-15","Army","Sophie Devaux","33131006",,"Sophie","07453 517 282","0203 512 8228",,"Paris","CPL","07453 517 282","Deuxi??me Bureau","144 Rue Lecourbe, 75015, Paris, France","75015","144 Rue Lecourbe","0208 259 5407","Manager","True","True","sophie.devaux@cpl.contoso.com","sophie.devaux","144 Rue Lecourbe",,"0206 303 9953","0205 378 2944",,,"C=FR;A= ;P=CPL;O=CPL;S=Devaux;G=Sophie;","/o=CPL/ou=Exchange Administrative Group (FYDIBOHF23SPDLT)/cn=Recipients/cn=Sophie Devaux",
"cpl-ik-16","Navy","Imogen Krebs","83932595",,"Imogen","07218 875 439","0203 591 5845","U","Paris","CPL","07218 875 439","Deuxi??me Bureau","144 Rue Lecourbe, 75015, Paris, France","75015","144 Rue Lecourbe","0208 550 1408","Assistant","True","True","imogen.krebs@cpl.contoso.com","imogen.krebs","144 Rue Lecourbe","0209 390 9028","0206 591 9809","0205 503 3890","False","SMTP:imogen.krebs@cpl.contoso.com","C=FR;A= ;P=CPL;O=CPL;S=Krebs;G=Imogen;","/o=CPL/ou=Exchange Administrative Group (FYDIBOHF23SPDLT)/cn=Recipients/cn=Imogen Krebs",
"cpl-mt-17","Navy","Millie-rose Tour","49511492",,"Millie-rose","07884 674 716","0203 615 9948",,"Paris","CPL","07884 674 716","Deuxi??me Bureau","144 Rue Lecourbe, 75015, Paris, France","75015","144 Rue Lecourbe","0208 503 2733","Manager","True","True","millie-rose.tour@cpl.contoso.com","millie-rose.tour","144 Rue Lecourbe","0209 225 2294","0206 405 6545","0205 729 1414","True",,"C=FR;A= ;P=CPL;O=CPL;S=Tour;G=Millie-rose;","/o=CPL/ou=Exchange Administrative Group (FYDIBOHF23SPDLT)/cn=Recipients/cn=Millie-rose Tour",
"cpl-mo-18","Navy","Matylda Odier","70827765",,"Matylda","07669 629 316","0203 851 7533","k","Paris","CPL","07669 629 316","Premier Bureau","210 Rue Saint-Maur, 75010, Paris, France","75010","210 Rue Saint-Maur","0208 654 3526","Manager","True","True","matylda.odier@cpl.contoso.com","matylda.odier","210 Rue Saint-Maur","0209 985 6271","0206 597 8401","0205 349 3356",,"SMTP:matylda.odier@cpl.contoso.com",,,
"cpl-bf-19","Navy","Bobbie Fatou","21349412",,"Bobbie","07805 353 201","0203 904 5652",,"Paris","CPL","07805 353 201","Premier Bureau","210 Rue Saint-Maur, 75010, Paris, France","75010","210 Rue Saint-Maur","0208 418 7206","Manager","True","True","bobbie.fatou@cpl.contoso.com","bobbie.fatou","210 Rue Saint-Maur",,"0206 771 4772","0205 639 3742",,"SMTP:bobbie.fatou@cpl.contoso.com","C=FR;A= ;P=CPL;O=CPL;S=Fatou;G=Bobbie;","/o=CPL/ou=Exchange Administrative Group (FYDIBOHF23SPDLT)/cn=Recipients/cn=Bobbie Fatou",
"cpl-nw-20","Army","Nyla Williams","60416003",,"Nyla","07333 586 508","0203 910 9323",,"Paris","CPL","07333 586 508","Premier Bureau","210 Rue Saint-Maur, 75010, Paris, France","75010","210 Rue Saint-Maur","0208 891 1451","Manager","True","True","nyla.williams@cpl.contoso.com","nyla.williams","210 Rue Saint-Maur",,,"0205 381 1658",,,,,
"cpl-nb-21","Navy","Nia Berry","98261231","0208 819 4888","Nia","07226 255 905","0203 897 4972",,"Paris","CPL","07226 255 905","Deuxi??me Bureau","144 Rue Lecourbe, 75015, Paris, France","75015","144 Rue Lecourbe","0208 389 9394","Officer","True","True","nia.berry@cpl.contoso.com","nia.berry","144 Rue Lecourbe",,"0206 699 7516","0205 381 4817",,"SMTP:nia.berry@cpl.contoso.com",,,
"cpl-na-22","Navy","Nala Abed","33644767",,"Nala","07161 312 913","0203 292 6151","C","Paris","CPL","07161 312 913","Premier Bureau","210 Rue Saint-Maur, 75010, Paris, France","75010","210 Rue Saint-Maur","0208 342 7204","Officer","True","True","nala.abed@cpl.contoso.com","nala.abed","210 Rue Saint-Maur",,,"0205 363 1068",,"SMTP:nala.abed@cpl.contoso.com","C=FR;A= ;P=CPL;O=CPL;S=Abed;G=Nala;","/o=CPL/ou=Exchange Administrative Group (FYDIBOHF23SPDLT)/cn=Recipients/cn=Nala Abed","sip:nala.abed@cpl.contoso.com"
"cpl-mu-23","Navy","Mathilda Ubbiali","32628856",,"Mathilda","07450 905 553","0203 229 2485","x","Paris","CPL","07450 905 553","Premier Bureau","210 Rue Saint-Maur, 75010, Paris, France","75010","210 Rue Saint-Maur","0208 489 9412","Coordinator","True","True","mathilda.ubbiali@cpl.contoso.com","mathilda.ubbiali","210 Rue Saint-Maur",,,"0205 907 5747","False","SMTP:mathilda.ubbiali@cpl.contoso.com","C=FR;A= ;P=CPL;O=CPL;S=Ubbiali;G=Mathilda;","/o=CPL/ou=Exchange Administrative Group (FYDIBOHF23SPDLT)/cn=Recipients/cn=Mathilda Ubbiali",
"cpl-co-24","Navy","Claire Objois","54225775","0208 580 7841","Claire","07978 959 726","0203 895 1976",,"Paris","CPL","07978 959 726","Deuxi??me Bureau","144 Rue Lecourbe, 75015, Paris, France","75015","144 Rue Lecourbe","0208 629 2154","Manager","True","True","claire.objois@cpl.contoso.com","claire.objois","144 Rue Lecourbe","0209 287 6467","0206 596 7832","0205 591 1340",,"SMTP:claire.objois@cpl.contoso.com","C=FR;A= ;P=CPL;O=CPL;S=Objois;G=Claire;","/o=CPL/ou=Exchange Administrative Group (FYDIBOHF23SPDLT)/cn=Recipients/cn=Claire Objois","sip:claire.objois@cpl.contoso.com"
"cpl-nt-25","Army","Norah Tina","61356759",,"Norah","07710 650 712","0203 357 2410",,"Paris","CPL","07710 650 712","Premier Bureau","210 Rue Saint-Maur, 75010, Paris, France","75010","210 Rue Saint-Maur","0208 748 3651","Representative","True","True","norah.tina@cpl.contoso.com","norah.tina","210 Rue Saint-Maur",,"0206 566 5729","0205 626 9368","True","SMTP:norah.tina@cpl.contoso.com","C=FR;A= ;P=CPL;O=CPL;S=Tina;G=Norah;","/o=CPL/ou=Exchange Administrative Group (FYDIBOHF23SPDLT)/cn=Recipients/cn=Norah Tina","sip:norah.tina@cpl.contoso.com"
"cpl-ab-26","Navy","Alys Basset","35025059",,"Alys","07632 877 167","0203 247 6199","O","Paris","CPL","07632 877 167","Deuxi??me Bureau","144 Rue Lecourbe, 75015, Paris, France","75015","144 Rue Lecourbe","0208 365 9559","Manager","True","True","alys.basset@cpl.contoso.com","alys.basset","144 Rue Lecourbe",,"0206 635 8936","0205 550 4972","True","SMTP:alys.basset@cpl.contoso.com","C=FR;A= ;P=CPL;O=CPL;S=Basset;G=Alys;","/o=CPL/ou=Exchange Administrative Group (FYDIBOHF23SPDLT)/cn=Recipients/cn=Alys Basset","sip:alys.basset@cpl.contoso.com"
"cpl-bv-27","Navy","Bianka Very","14934300",,"Bianka","07538 710 843","0203 599 5348",,"Paris","CPL","07538 710 843","Deuxi??me Bureau","144 Rue Lecourbe, 75015, Paris, France","75015","144 Rue Lecourbe","0208 940 4157","Manager","True","True","bianka.very@cpl.contoso.com","bianka.very","144 Rue Lecourbe",,,"0205 784 4951",,"SMTP:bianka.very@cpl.contoso.com","C=FR;A= ;P=CPL;O=CPL;S=Very;G=Bianka;","/o=CPL/ou=Exchange Administrative Group (FYDIBOHF23SPDLT)/cn=Recipients/cn=Bianka Very",
"cpl-am-28","Navy","Ayaana Moal","52042618",,"Ayaana","07610 244 235","0203 967 2461","O","Paris","CPL","07610 244 235","Deuxi??me Bureau","144 Rue Lecourbe, 75015, Paris, France","75015","144 Rue Lecourbe","0208 406 6101","Manager","True","True","ayaana.moal@cpl.contoso.com","ayaana.moal","144 Rue Lecourbe","0209 683 8721",,"0205 245 2055",,,,,"sip:ayaana.moal@cpl.contoso.com"
"cpl-ab-29","Army","Aaliyah Brunet","58697715",,"Aaliyah","07911 587 777","0203 373 5965",,"Paris","CPL","07911 587 777","Premier Bureau","210 Rue Saint-Maur, 75010, Paris, France","75010","210 Rue Saint-Maur","0208 746 6149","Manager","True","True","aaliyah.brunet@cpl.contoso.com","aaliyah.brunet","210 Rue Saint-Maur","0209 916 4894",,"0205 558 3681","False","SMTP:aaliyah.brunet@cpl.contoso.com",,,
"cpl-cz-30","Navy","Cassie Zaidane","80242292","0208 631 4424","Cassie","07954 874 328","0203 287 5943","s","Paris","CPL","07954 874 328","Deuxi??me Bureau","144 Rue Lecourbe, 75015, Paris, France","75015","144 Rue Lecourbe","0208 867 6043","Coordinator","True","True","cassie.zaidane@cpl.contoso.com","cassie.zaidane","144 Rue Lecourbe","0209 838 8381",,"0205 479 4752",,,,,"sip:cassie.zaidane@cpl.contoso.com"
"cpl-at-31","Navy","Amalia Tual","59845671","0208 444 1061","Amalia","07221 785 317","0203 951 3140","J","Paris","CPL","07221 785 317","Deuxi??me Bureau","144 Rue Lecourbe, 75015, Paris, France","75015","144 Rue Lecourbe","0208 262 1368","Accountant","True","True","amalia.tual@cpl.contoso.com","amalia.tual","144 Rue Lecourbe","0209 948 1361",,"0205 832 8801",,,"C=FR;A= ;P=CPL;O=CPL;S=Tual;G=Amalia;","/o=CPL/ou=Exchange Administrative Group (FYDIBOHF23SPDLT)/cn=Recipients/cn=Amalia Tual","sip:amalia.tual@cpl.contoso.com"
"cpl-lp-32","Navy","Lacie Pouvreau","85081547",,"Lacie","07428 332 145","0203 758 6643",,"Paris","CPL","07428 332 145","Deuxi??me Bureau","144 Rue Lecourbe, 75015, Paris, France","75015","144 Rue Lecourbe","0208 280 8842","Officer","True","True","lacie.pouvreau@cpl.contoso.com","lacie.pouvreau","144 Rue Lecourbe",,,"0205 417 2106",,,"C=FR;A= ;P=CPL;O=CPL;S=Pouvreau;G=Lacie;","/o=CPL/ou=Exchange Administrative Group (FYDIBOHF23SPDLT)/cn=Recipients/cn=Lacie Pouvreau","sip:lacie.pouvreau@cpl.contoso.com"
"cpl-mb-33","Army","Mia-rose Baudet","46311031",,"Mia-rose","07625 304 255","0203 833 7863","D","Paris","CPL","07625 304 255","Premier Bureau","210 Rue Saint-Maur, 75010, Paris, France","75010","210 Rue Saint-Maur","0208 579 4476","Manager","True","True","mia-rose.baudet@cpl.contoso.com","mia-rose.baudet","210 Rue Saint-Maur","0209 586 6465",,"0205 298 7550",,,"C=FR;A= ;P=CPL;O=CPL;S=Baudet;G=Mia-rose;","/o=CPL/ou=Exchange Administrative Group (FYDIBOHF23SPDLT)/cn=Recipients/cn=Mia-rose Baudet","sip:mia-rose.baudet@cpl.contoso.com"
"cpl-mr-34","Army","Marwah Rousseau","21399589",,"Marwah","07499 563 900","0203 815 5345",,"Paris","CPL","07499 563 900","Deuxi??me Bureau","144 Rue Lecourbe, 75015, Paris, France","75015","144 Rue Lecourbe","0208 483 6223","Manager","True","True","marwah.rousseau@cpl.contoso.com","marwah.rousseau","144 Rue Lecourbe","0209 510 6910",,"0205 545 4517","False","SMTP:marwah.rousseau@cpl.contoso.com","C=FR;A= ;P=CPL;O=CPL;S=Rousseau;G=Marwah;","/o=CPL/ou=Exchange Administrative Group (FYDIBOHF23SPDLT)/cn=Recipients/cn=Marwah Rousseau",
"cpl-sd-35","Army","Sofija Delval","69746419","0208 270 1573","Sofija","07956 834 437","0203 334 9118",,"Paris","CPL","07956 834 437","Deuxi??me Bureau","144 Rue Lecourbe, 75015, Paris, France","75015","144 Rue Lecourbe","0208 798 6746","Manager","True","True","sofija.delval@cpl.contoso.com","sofija.delval","144 Rue Lecourbe","0209 605 2737","0206 349 9769","0205 412 1831","False",,,,"sip:sofija.delval@cpl.contoso.com"
"cpl-ey-36","Navy","Esther Yamina","98655789",,"Esther","07952 784 779","0203 826 7525",,"Paris","CPL","07952 784 779","Premier Bureau","210 Rue Saint-Maur, 75010, Paris, France","75010","210 Rue Saint-Maur","0208 452 8355","Manager","True","True","esther.yamina@cpl.contoso.com","esther.yamina","210 Rue Saint-Maur",,,"0205 852 4319","True","SMTP:esther.yamina@cpl.contoso.com",,,"sip:esther.yamina@cpl.contoso.com"
"cpl-en-37","Army","Esha Neel","38015656","0208 293 2169","Esha","07692 413 655","0203 974 5872","Y","Paris","CPL","07692 413 655","Deuxi??me Bureau","144 Rue Lecourbe, 75015, Paris, France","75015","144 Rue Lecourbe","0208 783 9611","Manager","True","True","esha.neel@cpl.contoso.com","esha.neel","144 Rue Lecourbe","0209 483 4397",,"0205 857 3526","False","SMTP:esha.neel@cpl.contoso.com","C=FR;A= ;P=CPL;O=CPL;S=Neel;G=Esha;","/o=CPL/ou=Exchange Administrative Group (FYDIBOHF23SPDLT)/cn=Recipients/cn=Esha Neel",
"cpl-es-38","Navy","Elisa Soraya","59470195","0208 815 2396","Elisa","07461 752 389","0203 965 2992","l","Paris","CPL","07461 752 389","Premier Bureau","210 Rue Saint-Maur, 75010, Paris, France","75010","210 Rue Saint-Maur","0208 954 3179","Administrator","True","True","elisa.soraya@cpl.contoso.com","elisa.soraya","210 Rue Saint-Maur","0209 713 9574","0206 359 4688","0205 546 3208",,,"C=FR;A= ;P=CPL;O=CPL;S=Soraya;G=Elisa;","/o=CPL/ou=Exchange Administrative Group (FYDIBOHF23SPDLT)/cn=Recipients/cn=Elisa Soraya","sip:elisa.soraya@cpl.contoso.com"
"cpl-ev-39","Army","Eshal Villa","95396353",,"Eshal","07354 845 790","0203 633 1837","g","Paris","CPL","07354 845 790","Premier Bureau","210 Rue Saint-Maur, 75010, Paris, France","75010","210 Rue Saint-Maur","0208 930 5182","Manager","True","True","eshal.villa@cpl.contoso.com","eshal.villa","210 Rue Saint-Maur","0209 685 7069","0206 727 2578","0205 808 7147",,,,,"sip:eshal.villa@cpl.contoso.com"
"cpl-jt-40","Army","Jiya Thevenin","90748798","0208 591 8999","Jiya","07201 698 116","0203 962 8195","G","Paris","CPL","07201 698 116","Deuxi??me Bureau","144 Rue Lecourbe, 75015, Paris, France","75015","144 Rue Lecourbe","0208 743 2839","Accountant","True","True","jiya.thevenin@cpl.contoso.com","jiya.thevenin","144 Rue Lecourbe","0209 830 8673",,"0205 663 5382","False","SMTP:jiya.thevenin@cpl.contoso.com",,,
"cpl-cu-41","Navy","Camille Uzumaki","19597057",,"Camille","07124 279 712","0203 359 8158","c","Paris","CPL","07124 279 712","Deuxi??me Bureau","144 Rue Lecourbe, 75015, Paris, France","75015","144 Rue Lecourbe","0208 424 4739","Officer","True","True","camille.uzumaki@cpl.contoso.com","camille.uzumaki","144 Rue Lecourbe","0209 882 6939",,"0205 557 3979",,"SMTP:camille.uzumaki@cpl.contoso.com","C=FR;A= ;P=CPL;O=CPL;S=Uzumaki;G=Camille;","/o=CPL/ou=Exchange Administrative Group (FYDIBOHF23SPDLT)/cn=Recipients/cn=Camille Uzumaki","sip:camille.uzumaki@cpl.contoso.com"
"cpl-go-42","Army","Georgia Ozier","40760479",,"Georgia","07114 562 920","0203 659 5982",,"Paris","CPL","07114 562 920","Deuxi??me Bureau","144 Rue Lecourbe, 75015, Paris, France","75015","144 Rue Lecourbe","0208 574 8297","Representative","True","True","georgia.ozier@cpl.contoso.com","georgia.ozier","144 Rue Lecourbe","0209 420 9426",,"0205 247 2598","False","SMTP:georgia.ozier@cpl.contoso.com","C=FR;A= ;P=CPL;O=CPL;S=Ozier;G=Georgia;","/o=CPL/ou=Exchange Administrative Group (FYDIBOHF23SPDLT)/cn=Recipients/cn=Georgia Ozier","sip:georgia.ozier@cpl.contoso.com"
"cpl-ah-43","Army","Ada Heitz","60467762",,"Ada","07771 293 779","0203 258 6493",,"Paris","CPL","07771 293 779","Deuxi??me Bureau","144 Rue Lecourbe, 75015, Paris, France","75015","144 Rue Lecourbe","0208 856 1045","Manager","True","True","ada.heitz@cpl.contoso.com","ada.heitz","144 Rue Lecourbe","0209 980 4339","0206 324 5061","0205 871 8232",,,,,"sip:ada.heitz@cpl.contoso.com"
"cpl-mq-44","Navy","Matilda Qamouch","28059272",,"Matilda","07291 755 952","0203 229 6914",,"Paris","CPL","07291 755 952","Deuxi??me Bureau","144 Rue Lecourbe, 75015, Paris, France","75015","144 Rue Lecourbe","0208 336 9552","Coordinator","True","True","matilda.qamouch@cpl.contoso.com","matilda.qamouch","144 Rue Lecourbe","0209 821 7564","0206 768 2090","0205 932 9025",,,"C=FR;A= ;P=CPL;O=CPL;S=Qamouch;G=Matilda;","/o=CPL/ou=Exchange Administrative Group (FYDIBOHF23SPDLT)/cn=Recipients/cn=Matilda Qamouch","sip:matilda.qamouch@cpl.contoso.com"
"cpl-fd-45","Navy","Farrah Demaret","33491498",,"Farrah","07937 716 912","0203 813 7301","T","Paris","CPL","07937 716 912","Deuxi??me Bureau","144 Rue Lecourbe, 75015, Paris, France","75015","144 Rue Lecourbe","0208 379 7847","Accountant","True","True","farrah.demaret@cpl.contoso.com","farrah.demaret","144 Rue Lecourbe",,"0206 874 1139","0205 413 6176",,"SMTP:farrah.demaret@cpl.contoso.com","C=FR;A= ;P=CPL;O=CPL;S=Demaret;G=Farrah;","/o=CPL/ou=Exchange Administrative Group (FYDIBOHF23SPDLT)/cn=Recipients/cn=Farrah Demaret","sip:farrah.demaret@cpl.contoso.com"
"cpl-ip-46","Army","Imaan Pinheiro","13397427","0208 915 8787","Imaan","07519 305 915","0203 655 9244",,"Paris","CPL","07519 305 915","Premier Bureau","210 Rue Saint-Maur, 75010, Paris, France","75010","210 Rue Saint-Maur","0208 772 2761","Manager","True","True","imaan.pinheiro@cpl.contoso.com","imaan.pinheiro","210 Rue Saint-Maur","0209 466 3140",,"0205 381 5399","True",,"C=FR;A= ;P=CPL;O=CPL;S=Pinheiro;G=Imaan;","/o=CPL/ou=Exchange Administrative Group (FYDIBOHF23SPDLT)/cn=Recipients/cn=Imaan Pinheiro","sip:imaan.pinheiro@cpl.contoso.com"
"cpl-ke-47","Navy","Kaia Eberle","80766561","0208 600 2275","Kaia","07747 825 228","0203 603 4561",,"Paris","CPL","07747 825 228","Deuxi??me Bureau","144 Rue Lecourbe, 75015, Paris, France","75015","144 Rue Lecourbe","0208 255 3168","Manager","True","True","kaia.eberle@cpl.contoso.com","kaia.eberle","144 Rue Lecourbe","0209 791 8195",,"0205 261 6728","True","SMTP:kaia.eberle@cpl.contoso.com","C=FR;A= ;P=CPL;O=CPL;S=Eberle;G=Kaia;","/o=CPL/ou=Exchange Administrative Group (FYDIBOHF23SPDLT)/cn=Recipients/cn=Kaia Eberle","sip:kaia.eberle@cpl.contoso.com"
"cpl-ak-48","Navy","Alice Kris","57866113","0208 379 9475","Alice","07566 416 728","0203 454 7190","X","Paris","CPL","07566 416 728","Deuxi??me Bureau","144 Rue Lecourbe, 75015, Paris, France","75015","144 Rue Lecourbe","0208 569 4691","Officer","True","True","alice.kris@cpl.contoso.com","alice.kris","144 Rue Lecourbe","0209 555 7621","0206 525 5979","0205 960 7635",,"SMTP:alice.kris@cpl.contoso.com","C=FR;A= ;P=CPL;O=CPL;S=Kris;G=Alice;","/o=CPL/ou=Exchange Administrative Group (FYDIBOHF23SPDLT)/cn=Recipients/cn=Alice Kris",
"cpl-ak-49","Navy","Andrea Kraft","53062460",,"Andrea","07923 773 712","0203 977 6999","S","Paris","CPL","07923 773 712","Deuxi??me Bureau","144 Rue Lecourbe, 75015, Paris, France","75015","144 Rue Lecourbe","0208 626 3878","Manager","True","True","andrea.kraft@cpl.contoso.com","andrea.kraft","144 Rue Lecourbe",,,"0205 890 3530",,"SMTP:andrea.kraft@cpl.contoso.com","C=FR;A= ;P=CPL;O=CPL;S=Kraft;G=Andrea;","/o=CPL/ou=Exchange Administrative Group (FYDIBOHF23SPDLT)/cn=Recipients/cn=Andrea Kraft",
"cpl-st-50","Army","Skyler Turc","30607424","0208 845 7699","Skyler","07187 814 488","0203 968 8544","p","Paris","CPL","07187 814 488","Premier Bureau","210 Rue Saint-Maur, 75010, Paris, France","75010","210 Rue Saint-Maur","0208 975 1840","Manager","True","True","skyler.turc@cpl.contoso.com","skyler.turc","210 Rue Saint-Maur","0209 935 9233",,"0205 785 6641",,"SMTP:skyler.turc@cpl.contoso.com","C=FR;A= ;P=CPL;O=CPL;S=Turc;G=Skyler;","/o=CPL/ou=Exchange Administrative Group (FYDIBOHF23SPDLT)/cn=Recipients/cn=Skyler Turc","sip:skyler.turc@cpl.contoso.com"
"cpl-pu-51","Army","Payton Urbe","99160277","0208 345 4928","Payton","07640 777 436","0203 316 3276","L","Paris","CPL","07640 777 436","Deuxi??me Bureau","144 Rue Lecourbe, 75015, Paris, France","75015","144 Rue Lecourbe","0208 293 2244","Manager","True","True","payton.urbe@cpl.contoso.com","payton.urbe","144 Rue Lecourbe","0209 389 3389","0206 379 2533","0205 788 3278",,"SMTP:payton.urbe@cpl.contoso.com","C=FR;A= ;P=CPL;O=CPL;S=Urbe;G=Payton;","/o=CPL/ou=Exchange Administrative Group (FYDIBOHF23SPDLT)/cn=Recipients/cn=Payton Urbe","sip:payton.urbe@cpl.contoso.com"
"cpl-tq-52","Army","Tayla Quinio","97772354",,"Tayla","07950 787 565","0203 509 1620","k","Paris","CPL","07950 787 565","Premier Bureau","210 Rue Saint-Maur, 75010, Paris, France","75010","210 Rue Saint-Maur","0208 607 9909","Coordinator","True","True","tayla.quinio@cpl.contoso.com","tayla.quinio","210 Rue Saint-Maur","0209 472 9548",,"0205 971 5683",,,,,"sip:tayla.quinio@cpl.contoso.com"
"cpl-ir-53","Navy","Indiana Rives","68118559","0208 469 1843","Indiana","07606 879 433","0203 259 9440","M","Paris","CPL","07606 879 433","Deuxi??me Bureau","144 Rue Lecourbe, 75015, Paris, France","75015","144 Rue Lecourbe","0208 379 8779","Manager","True","True","indiana.rives@cpl.contoso.com","indiana.rives","144 Rue Lecourbe",,"0206 262 8848","0205 943 1302",,"SMTP:indiana.rives@cpl.contoso.com","C=FR;A= ;P=CPL;O=CPL;S=Rives;G=Indiana;","/o=CPL/ou=Exchange Administrative Group (FYDIBOHF23SPDLT)/cn=Recipients/cn=Indiana Rives",
"cpl-nd-54","Army","Nela Doux","16524338","0208 555 2010","Nela","07382 935 455","0203 779 3002",,"Paris","CPL","07382 935 455","Deuxi??me Bureau","144 Rue Lecourbe, 75015, Paris, France","75015","144 Rue Lecourbe","0208 903 3509","Manager","True","True","nela.doux@cpl.contoso.com","nela.doux","144 Rue Lecourbe","0209 810 9547",,"0205 677 4672",,,,,"sip:nela.doux@cpl.contoso.com"
"cpl-hh-55","Navy","Hafsa Hennebert","34891856","0208 331 1616","Hafsa","07398 508 249","0203 958 2548",,"Paris","CPL","07398 508 249","Deuxi??me Bureau","144 Rue Lecourbe, 75015, Paris, France","75015","144 Rue Lecourbe","0208 644 5101","Manager","True","True","hafsa.hennebert@cpl.contoso.com","hafsa.hennebert","144 Rue Lecourbe","0209 378 7712",,"0205 668 7422","True",,,,
"cpl-oz-56","Navy","Oliwia Zell","62873585","0208 471 3503","Oliwia","07829 519 315","0203 574 4439","v","Paris","CPL","07829 519 315","Deuxi??me Bureau","144 Rue Lecourbe, 75015, Paris, France","75015","144 Rue Lecourbe","0208 841 5019","Assistant","True","True","oliwia.zell@cpl.contoso.com","oliwia.zell","144 Rue Lecourbe","0209 584 9314","0206 727 4506","0205 415 6830",,"SMTP:oliwia.zell@cpl.contoso.com",,,"sip:oliwia.zell@cpl.contoso.com"
"cpl-mv-57","Navy","Madison Valot","60579721",,"Madison","07298 586 261","0203 937 1039","g","Paris","CPL","07298 586 261","Premier Bureau","210 Rue Saint-Maur, 75010, Paris, France","75010","210 Rue Saint-Maur","0208 878 7192","Accountant","True","True","madison.valot@cpl.contoso.com","madison.valot","210 Rue Saint-Maur",,"0206 649 1983","0205 829 6366",,"SMTP:madison.valot@cpl.contoso.com",,,
"cpl-hk-58","Navy","Helen Korn","47682498","0208 860 9013","Helen","07918 643 253","0203 934 4589",,"Paris","CPL","07918 643 253","Premier Bureau","210 Rue Saint-Maur, 75010, Paris, France","75010","210 Rue Saint-Maur","0208 417 3719","Coordinator","True","True","helen.korn@cpl.contoso.com","helen.korn","210 Rue Saint-Maur",,,"0205 895 9506",,,"C=FR;A= ;P=CPL;O=CPL;S=Korn;G=Helen;","/o=CPL/ou=Exchange Administrative Group (FYDIBOHF23SPDLT)/cn=Recipients/cn=Helen Korn",
"cpl-bp-59","Navy","Brooke Papon","93504934","0208 968 4913","Brooke","07983 610 293","0203 631 2392",,"Paris","CPL","07983 610 293","Deuxi??me Bureau","144 Rue Lecourbe, 75015, Paris, France","75015","144 Rue Lecourbe","0208 513 6580","Coordinator","True","True","brooke.papon@cpl.contoso.com","brooke.papon","144 Rue Lecourbe","0209 582 7866",,"0205 497 3970",,,,,
"cpl-ao-60","Navy","Amalie Ouertani","75941882","0208 954 7176","Amalie","07962 500 441","0203 576 1634","K","Paris","CPL","07962 500 441","Deuxi??me Bureau","144 Rue Lecourbe, 75015, Paris, France","75015","144 Rue Lecourbe","0208 795 8196","Manager","True","True","amalie.ouertani@cpl.contoso.com","amalie.ouertani","144 Rue Lecourbe",,,"0205 331 7659",,"SMTP:amalie.ouertani@cpl.contoso.com","C=FR;A= ;P=CPL;O=CPL;S=Ouertani;G=Amalie;","/o=CPL/ou=Exchange Administrative Group (FYDIBOHF23SPDLT)/cn=Recipients/cn=Amalie Ouertani","sip:amalie.ouertani@cpl.contoso.com"
"cpl-bv-61","Navy","Betty Viel","27370197",,"Betty","07107 453 579","0203 625 4353","s","Paris","CPL","07107 453 579","Deuxi??me Bureau","144 Rue Lecourbe, 75015, Paris, France","75015","144 Rue Lecourbe","0208 679 1688","Manager","True","True","betty.viel@cpl.contoso.com","betty.viel","144 Rue Lecourbe","0209 240 5207",,"0205 804 1758",,"SMTP:betty.viel@cpl.contoso.com",,,"sip:betty.viel@cpl.contoso.com"
"cpl-mj-62","Navy","Maryam Jubin","99235729",,"Maryam","07152 750 334","0203 440 2034",,"Paris","CPL","07152 750 334","Deuxi??me Bureau","144 Rue Lecourbe, 75015, Paris, France","75015","144 Rue Lecourbe","0208 428 2448","Manager","True","True","maryam.jubin@cpl.contoso.com","maryam.jubin","144 Rue Lecourbe","0209 894 5203",,"0205 347 7123","True","SMTP:maryam.jubin@cpl.contoso.com","C=FR;A= ;P=CPL;O=CPL;S=Jubin;G=Maryam;","/o=CPL/ou=Exchange Administrative Group (FYDIBOHF23SPDLT)/cn=Recipients/cn=Maryam Jubin",
"cpl-pj-63","Navy","Payton Josy","19771264",,"Payton","07984 362 276","0203 247 7934",,"Paris","CPL","07984 362 276","Premier Bureau","210 Rue Saint-Maur, 75010, Paris, France","75010","210 Rue Saint-Maur","0208 985 8111","Coordinator","True","True","payton.josy@cpl.contoso.com","payton.josy","210 Rue Saint-Maur","0209 688 1417","0206 365 1896","0205 666 1985","False","SMTP:payton.josy@cpl.contoso.com","C=FR;A= ;P=CPL;O=CPL;S=Josy;G=Payton;","/o=CPL/ou=Exchange Administrative Group (FYDIBOHF23SPDLT)/cn=Recipients/cn=Payton Josy","sip:payton.josy@cpl.contoso.com"
"cpl-zm-64","Navy","Zoya Montana","29223064","0208 939 8656","Zoya","07168 502 689","0203 941 6720",,"Paris","CPL","07168 502 689","Deuxi??me Bureau","144 Rue Lecourbe, 75015, Paris, France","75015","144 Rue Lecourbe","0208 949 5424","Assistant","True","True","zoya.montana@cpl.contoso.com","zoya.montana","144 Rue Lecourbe",,,"0205 945 7120",,"SMTP:zoya.montana@cpl.contoso.com",,,
"cpl-aq-65","Army","Alyssia Quattrucci","75848613",,"Alyssia","07707 837 328","0203 373 8306","f","Paris","CPL","07707 837 328","Premier Bureau","210 Rue Saint-Maur, 75010, Paris, France","75010","210 Rue Saint-Maur","0208 244 1759","Manager","True","True","alyssia.quattrucci@cpl.contoso.com","alyssia.quattrucci","210 Rue Saint-Maur","0209 979 8796","0206 381 9790","0205 477 8122","False","SMTP:alyssia.quattrucci@cpl.contoso.com","C=FR;A= ;P=CPL;O=CPL;S=Quattrucci;G=Alyssia;","/o=CPL/ou=Exchange Administrative Group (FYDIBOHF23SPDLT)/cn=Recipients/cn=Alyssia Quattrucci","sip:alyssia.quattrucci@cpl.contoso.com"
"cpl-hr-66","Army","Hafsah Rivera","85902939",,"Hafsah","07911 314 552","0203 820 6647",,"Paris","CPL","07911 314 552","Premier Bureau","210 Rue Saint-Maur, 75010, Paris, France","75010","210 Rue Saint-Maur","0208 876 2539","Manager","True","True","hafsah.rivera@cpl.contoso.com","hafsah.rivera","210 Rue Saint-Maur","0209 595 7710","0206 769 7513","0205 416 9055","True",,"C=FR;A= ;P=CPL;O=CPL;S=Rivera;G=Hafsah;","/o=CPL/ou=Exchange Administrative Group (FYDIBOHF23SPDLT)/cn=Recipients/cn=Hafsah Rivera",
"cpl-fm-67","Army","Fearne Maret","61723064","0208 822 5300","Fearne","07444 861 961","0203 718 2907","g","Paris","CPL","07444 861 961","Premier Bureau","210 Rue Saint-Maur, 75010, Paris, France","75010","210 Rue Saint-Maur","0208 929 9034","Manager","True","True","fearne.maret@cpl.contoso.com","fearne.maret","210 Rue Saint-Maur","0209 394 7524",,"0205 512 2782","True","SMTP:fearne.maret@cpl.contoso.com",,,"sip:fearne.maret@cpl.contoso.com"
"cpl-kk-68","Army","Kara Konte","15972944",,"Kara","07237 518 369","0203 952 4968",,"Paris","CPL","07237 518 369","Deuxi??me Bureau","144 Rue Lecourbe, 75015, Paris, France","75015","144 Rue Lecourbe","0208 773 2482","Manager","True","True","kara.konte@cpl.contoso.com","kara.konte","144 Rue Lecourbe","0209 922 8747","0206 814 6294","0205 770 2014",,"SMTP:kara.konte@cpl.contoso.com","C=FR;A= ;P=CPL;O=CPL;S=Konte;G=Kara;","/o=CPL/ou=Exchange Administrative Group (FYDIBOHF23SPDLT)/cn=Recipients/cn=Kara Konte","sip:kara.konte@cpl.contoso.com"
"cpl-lt-69","Army","Luisa Tallec","54770656","0208 373 9767","Luisa","07541 686 866","0203 618 1092",,"Paris","CPL","07541 686 866","Deuxi??me Bureau","144 Rue Lecourbe, 75015, Paris, France","75015","144 Rue Lecourbe","0208 378 2704","Manager","True","True","luisa.tallec@cpl.contoso.com","luisa.tallec","144 Rue Lecourbe","0209 907 6889","0206 946 2450","0205 294 8680",,"SMTP:luisa.tallec@cpl.contoso.com","C=FR;A= ;P=CPL;O=CPL;S=Tallec;G=Luisa;","/o=CPL/ou=Exchange Administrative Group (FYDIBOHF23SPDLT)/cn=Recipients/cn=Luisa Tallec",
"cpl-hj-70","Army","Hareem Jegat","96591542","0208 916 2635","Hareem","07488 522 291","0203 839 2324","G","Paris","CPL","07488 522 291","Premier Bureau","210 Rue Saint-Maur, 75010, Paris, France","75010","210 Rue Saint-Maur","0208 326 2868","Manager","True","True","hareem.jegat@cpl.contoso.com","hareem.jegat","210 Rue Saint-Maur","0209 853 5001","0206 423 2856","0205 841 9477","True","SMTP:hareem.jegat@cpl.contoso.com","C=FR;A= ;P=CPL;O=CPL;S=Jegat;G=Hareem;","/o=CPL/ou=Exchange Administrative Group (FYDIBOHF23SPDLT)/cn=Recipients/cn=Hareem Jegat","sip:hareem.jegat@cpl.contoso.com"
"cpl-kg-71","Army","Kira Grall","99840645",,"Kira","07543 319 606","0203 612 8488","l","Paris","CPL","07543 319 606","Deuxi??me Bureau","144 Rue Lecourbe, 75015, Paris, France","75015","144 Rue Lecourbe","0208 480 8463","Coordinator","True","True","kira.grall@cpl.contoso.com","kira.grall","144 Rue Lecourbe","0209 791 9535","0206 442 9559","0205 885 6004","False","SMTP:kira.grall@cpl.contoso.com",,,"sip:kira.grall@cpl.contoso.com"
"cpl-yo-72","Army","Yara Orlandini","69425232",,"Yara","07336 617 224","0203 815 3026",,"Paris","CPL","07336 617 224","Premier Bureau","210 Rue Saint-Maur, 75010, Paris, France","75010","210 Rue Saint-Maur","0208 461 4358","Engineer","True","True","yara.orlandini@cpl.contoso.com","yara.orlandini","210 Rue Saint-Maur","0209 451 7994",,"0205 248 4222",,"SMTP:yara.orlandini@cpl.contoso.com",,,"sip:yara.orlandini@cpl.contoso.com"
"cpl-ew-73","Army","Edith Weisse","21873092",,"Edith","07997 251 434","0203 315 2896",,"Paris","CPL","07997 251 434","Deuxi??me Bureau","144 Rue Lecourbe, 75015, Paris, France","75015","144 Rue Lecourbe","0208 413 7059","Manager","True","True","edith.weisse@cpl.contoso.com","edith.weisse","144 Rue Lecourbe","0209 800 1133","0206 700 5758","0205 845 2469",,"SMTP:edith.weisse@cpl.contoso.com","C=FR;A= ;P=CPL;O=CPL;S=Weisse;G=Edith;","/o=CPL/ou=Exchange Administrative Group (FYDIBOHF23SPDLT)/cn=Recipients/cn=Edith Weisse",
"cpl-hd-74","Navy","Honor Dumoulin","90534776","0208 776 4411","Honor","07814 502 575","0203 403 3415","o","Paris","CPL","07814 502 575","Deuxi??me Bureau","144 Rue Lecourbe, 75015, Paris, France","75015","144 Rue Lecourbe","0208 920 7759","Manager","True","True","honor.dumoulin@cpl.contoso.com","honor.dumoulin","144 Rue Lecourbe",,,"0205 482 3505","True","SMTP:honor.dumoulin@cpl.contoso.com","C=FR;A= ;P=CPL;O=CPL;S=Dumoulin;G=Honor;","/o=CPL/ou=Exchange Administrative Group (FYDIBOHF23SPDLT)/cn=Recipients/cn=Honor Dumoulin","sip:honor.dumoulin@cpl.contoso.com"
"cpl-kq-75","Navy","Keziah Quilliou","89416974","0208 777 2549","Keziah","07636 560 171","0203 743 8195","P","Paris","CPL","07636 560 171","Premier Bureau","210 Rue Saint-Maur, 75010, Paris, France","75010","210 Rue Saint-Maur","0208 387 2544","Coordinator","True","True","keziah.quilliou@cpl.contoso.com","keziah.quilliou","210 Rue Saint-Maur",,"0206 826 5927","0205 645 8909",,"SMTP:keziah.quilliou@cpl.contoso.com",,,"sip:keziah.quilliou@cpl.contoso.com"
"cpl-cc-76","Navy","Cassie Carles","77564470",,"Cassie","07432 476 836","0203 766 6125","a","Paris","CPL","07432 476 836","Premier Bureau","210 Rue Saint-Maur, 75010, Paris, France","75010","210 Rue Saint-Maur","0208 342 9642","Assistant","True","True","cassie.carles@cpl.contoso.com","cassie.carles","210 Rue Saint-Maur","0209 662 7328",,"0205 607 5707","True","SMTP:cassie.carles@cpl.contoso.com","C=FR;A= ;P=CPL;O=CPL;S=Carles;G=Cassie;","/o=CPL/ou=Exchange Administrative Group (FYDIBOHF23SPDLT)/cn=Recipients/cn=Cassie Carles","sip:cassie.carles@cpl.contoso.com"
"cpl-ao-77","Army","Ava-rose Ondet","61889302",,"Ava-rose","07253 481 223","0203 517 8784",,"Paris","CPL","07253 481 223","Deuxi??me Bureau","144 Rue Lecourbe, 75015, Paris, France","75015","144 Rue Lecourbe","0208 878 6575","Manager","True","True","ava-rose.ondet@cpl.contoso.com","ava-rose.ondet","144 Rue Lecourbe","0209 458 5625",,"0205 902 2226",,"SMTP:ava-rose.ondet@cpl.contoso.com","C=FR;A= ;P=CPL;O=CPL;S=Ondet;G=Ava-rose;","/o=CPL/ou=Exchange Administrative Group (FYDIBOHF23SPDLT)/cn=Recipients/cn=Ava-rose Ondet",
"cpl-zs-78","Army","Zofia Souchet","31512926","0208 696 1406","Zofia","07388 857 114","0203 776 3093",,"Paris","CPL","07388 857 114","Premier Bureau","210 Rue Saint-Maur, 75010, Paris, France","75010","210 Rue Saint-Maur","0208 627 7633","Engineer","True","True","zofia.souchet@cpl.contoso.com","zofia.souchet","210 Rue Saint-Maur",,"0206 416 8913","0205 244 7397","True",,"C=FR;A= ;P=CPL;O=CPL;S=Souchet;G=Zofia;","/o=CPL/ou=Exchange Administrative Group (FYDIBOHF23SPDLT)/cn=Recipients/cn=Zofia Souchet","sip:zofia.souchet@cpl.contoso.com"
"cpl-ag-79","Navy","Ana Galliot","97321235","0208 854 3764","Ana","07727 687 451","0203 396 2424","p","Paris","CPL","07727 687 451","Deuxi??me Bureau","144 Rue Lecourbe, 75015, Paris, France","75015","144 Rue Lecourbe","0208 607 2242","Coordinator","True","True","ana.galliot@cpl.contoso.com","ana.galliot","144 Rue Lecourbe",,"0206 444 1408","0205 411 8966",,,"C=FR;A= ;P=CPL;O=CPL;S=Galliot;G=Ana;","/o=CPL/ou=Exchange Administrative Group (FYDIBOHF23SPDLT)/cn=Recipients/cn=Ana Galliot","sip:ana.galliot@cpl.contoso.com"
"cpl-co-80","Navy","Chloe Oudoire","60975614",,"Chloe","07527 384 319","0203 888 9692","d","Paris","CPL","07527 384 319","Deuxi??me Bureau","144 Rue Lecourbe, 75015, Paris, France","75015","144 Rue Lecourbe","0208 586 7408","Manager","True","True","chloe.oudoire@cpl.contoso.com","chloe.oudoire","144 Rue Lecourbe","0209 687 1783",,"0205 667 3342","False","SMTP:chloe.oudoire@cpl.contoso.com","C=FR;A= ;P=CPL;O=CPL;S=Oudoire;G=Chloe;","/o=CPL/ou=Exchange Administrative Group (FYDIBOHF23SPDLT)/cn=Recipients/cn=Chloe Oudoire",
"cpl-jt-81","Navy","Jade Truchet","36090346","0208 875 3271","Jade","07893 323 468","0203 983 2897","b","Paris","CPL","07893 323 468","Deuxi??me Bureau","144 Rue Lecourbe, 75015, Paris, France","75015","144 Rue Lecourbe","0208 806 3769","Manager","True","True","jade.truchet@cpl.contoso.com","jade.truchet","144 Rue Lecourbe","0209 950 3477",,"0205 686 8394",,"SMTP:jade.truchet@cpl.contoso.com","C=FR;A= ;P=CPL;O=CPL;S=Truchet;G=Jade;","/o=CPL/ou=Exchange Administrative Group (FYDIBOHF23SPDLT)/cn=Recipients/cn=Jade Truchet","sip:jade.truchet@cpl.contoso.com"
"cpl-ej-82","Army","Esmee Jouve","10677784","0208 751 6978","Esmee","07637 446 286","0203 609 8293",,"Paris","CPL","07637 446 286","Premier Bureau","210 Rue Saint-Maur, 75010, Paris, France","75010","210 Rue Saint-Maur","0208 632 2552","Manager","True","True","esmee.jouve@cpl.contoso.com","esmee.jouve","210 Rue Saint-Maur","0209 643 8874","0206 601 2097","0205 518 1217","False","SMTP:esmee.jouve@cpl.contoso.com","C=FR;A= ;P=CPL;O=CPL;S=Jouve;G=Esmee;","/o=CPL/ou=Exchange Administrative Group (FYDIBOHF23SPDLT)/cn=Recipients/cn=Esmee Jouve",
"cpl-lj-83","Navy","Lottie Julian","13933347","0208 870 6356","Lottie","07248 534 554","0203 573 1185","Q","Paris","CPL","07248 534 554","Deuxi??me Bureau","144 Rue Lecourbe, 75015, Paris, France","75015","144 Rue Lecourbe","0208 559 7592","Manager","True","True","lottie.julian@cpl.contoso.com","lottie.julian","144 Rue Lecourbe",,,"0205 895 1438",,"SMTP:lottie.julian@cpl.contoso.com",,,"sip:lottie.julian@cpl.contoso.com"
"cpl-mz-84","Navy","Mahnoor Zeyer","55559881",,"Mahnoor","07356 766 414","0203 458 6944",,"Paris","CPL","07356 766 414","Deuxi??me Bureau","144 Rue Lecourbe, 75015, Paris, France","75015","144 Rue Lecourbe","0208 471 9566","Manager","True","True","mahnoor.zeyer@cpl.contoso.com","mahnoor.zeyer","144 Rue Lecourbe",,"0206 437 2630","0205 894 9433","True","SMTP:mahnoor.zeyer@cpl.contoso.com",,,
"cpl-pj-85","Army","Priya Jaulin","19808488",,"Priya","07888 444 821","0203 776 3573",,"Paris","CPL","07888 444 821","Deuxi??me Bureau","144 Rue Lecourbe, 75015, Paris, France","75015","144 Rue Lecourbe","0208 969 5006","Manager","True","True","priya.jaulin@cpl.contoso.com","priya.jaulin","144 Rue Lecourbe","0209 525 3485","0206 634 4527","0205 735 1634","False",,,,
"cpl-ky-86","Navy","Kourtney Yahi","72347615","0208 430 3294","Kourtney","07181 243 363","0203 562 1009","r","Paris","CPL","07181 243 363","Deuxi??me Bureau","144 Rue Lecourbe, 75015, Paris, France","75015","144 Rue Lecourbe","0208 762 7687","Engineer","True","True","kourtney.yahi@cpl.contoso.com","kourtney.yahi","144 Rue Lecourbe",,"0206 706 6647","0205 472 8251","True",,"C=FR;A= ;P=CPL;O=CPL;S=Yahi;G=Kourtney;","/o=CPL/ou=Exchange Administrative Group (FYDIBOHF23SPDLT)/cn=Recipients/cn=Kourtney Yahi",
"cpl-sg-87","Navy","Shreya Guyomard","23127626","0208 318 3014","Shreya","07553 310 200","0203 357 3946","N","Paris","CPL","07553 310 200","Premier Bureau","210 Rue Saint-Maur, 75010, Paris, France","75010","210 Rue Saint-Maur","0208 878 8572","Manager","True","True","shreya.guyomard@cpl.contoso.com","shreya.guyomard","210 Rue Saint-Maur","0209 379 4128",,"0205 511 5304",,"SMTP:shreya.guyomard@cpl.contoso.com",,,
"cpl-hh-88","Navy","Hajra Helena","23504252",,"Hajra","07268 729 168","0203 894 8356",,"Paris","CPL","07268 729 168","Deuxi??me Bureau","144 Rue Lecourbe, 75015, Paris, France","75015","144 Rue Lecourbe","0208 956 2245","Engineer","True","True","hajra.helena@cpl.contoso.com","hajra.helena","144 Rue Lecourbe","0209 941 8125","0206 362 1124","0205 882 2970",,"SMTP:hajra.helena@cpl.contoso.com","C=FR;A= ;P=CPL;O=CPL;S=Helena;G=Hajra;","/o=CPL/ou=Exchange Administrative Group (FYDIBOHF23SPDLT)/cn=Recipients/cn=Hajra Helena",
"cpl-ej-89","Army","Ella-grace Jouvet","36380907",,"Ella-grace","07909 568 251","0203 943 8738","W","Paris","CPL","07909 568 251","Deuxi??me Bureau","144 Rue Lecourbe, 75015, Paris, France","75015","144 Rue Lecourbe","0208 744 8321","Coordinator","True","True","ella-grace.jouvet@cpl.contoso.com","ella-grace.jouvet","144 Rue Lecourbe",,"0206 842 7254","0205 267 8462","True","SMTP:ella-grace.jouvet@cpl.contoso.com","C=FR;A= ;P=CPL;O=CPL;S=Jouvet;G=Ella-grace;","/o=CPL/ou=Exchange Administrative Group (FYDIBOHF23SPDLT)/cn=Recipients/cn=Ella-grace Jouvet","sip:ella-grace.jouvet@cpl.contoso.com"
"cpl-mt-90","Navy","Matylda Taverne","16953951",,"Matylda","07735 608 236","0203 411 7277","U","Paris","CPL","07735 608 236","Premier Bureau","210 Rue Saint-Maur, 75010, Paris, France","75010","210 Rue Saint-Maur","0208 764 8875","Administrator","True","True","matylda.taverne@cpl.contoso.com","matylda.taverne","210 Rue Saint-Maur","0209 342 3691","0206 513 6317","0205 634 9558",,"SMTP:matylda.taverne@cpl.contoso.com","C=FR;A= ;P=CPL;O=CPL;S=Taverne;G=Matylda;","/o=CPL/ou=Exchange Administrative Group (FYDIBOHF23SPDLT)/cn=Recipients/cn=Matylda Taverne",
"cpl-ms-91","Navy","Maia Soum","47650562","0208 308 6325","Maia","07675 659 771","0203 339 2687","f","Paris","CPL","07675 659 771","Premier Bureau","210 Rue Saint-Maur, 75010, Paris, France","75010","210 Rue Saint-Maur","0208 602 4389","Manager","True","True","maia.soum@cpl.contoso.com","maia.soum","210 Rue Saint-Maur","0209 474 2269",,"0205 412 3854",,"SMTP:maia.soum@cpl.contoso.com","C=FR;A= ;P=CPL;O=CPL;S=Soum;G=Maia;","/o=CPL/ou=Exchange Administrative Group (FYDIBOHF23SPDLT)/cn=Recipients/cn=Maia Soum","sip:maia.soum@cpl.contoso.com"
"cpl-mn-92","Army","Marcie Nigon","30860884",,"Marcie","07397 794 345","0203 371 1314","A","Paris","CPL","07397 794 345","Premier Bureau","210 Rue Saint-Maur, 75010, Paris, France","75010","210 Rue Saint-Maur","0208 796 5911","Manager","True","True","marcie.nigon@cpl.contoso.com","marcie.nigon","210 Rue Saint-Maur","0209 907 6129",,"0205 735 4590",,,,,
"cpl-im-93","Navy","Isabella Maisonneuve","96808794","0208 234 7575","Isabella","07310 487 706","0203 369 9253","R","Paris","CPL","07310 487 706","Deuxi??me Bureau","144 Rue Lecourbe, 75015, Paris, France","75015","144 Rue Lecourbe","0208 373 4204","Representative","True","True","isabella.maisonneuve@cpl.contoso.com","isabella.maisonneuve","144 Rue Lecourbe","0209 316 9515","0206 549 7306","0205 260 2330",,"SMTP:isabella.maisonneuve@cpl.contoso.com","C=FR;A= ;P=CPL;O=CPL;S=Maisonneuve;G=Isabella;","/o=CPL/ou=Exchange Administrative Group (FYDIBOHF23SPDLT)/cn=Recipients/cn=Isabella Maisonneuve",
"cpl-ek-94","Army","Emilija Kathy","14661535","0208 529 7042","Emilija","07848 939 629","0203 580 3030","a","Paris","CPL","07848 939 629","Deuxi??me Bureau","144 Rue Lecourbe, 75015, Paris, France","75015","144 Rue Lecourbe","0208 815 2440","Manager","True","True","emilija.kathy@cpl.contoso.com","emilija.kathy","144 Rue Lecourbe",,"0206 378 8759","0205 727 6242","True",,,,"sip:emilija.kathy@cpl.contoso.com"
"cpl-ki-95","Army","Kelsie Ichou","80467636",,"Kelsie","07767 232 692","0203 238 4561",,"Paris","CPL","07767 232 692","Deuxi??me Bureau","144 Rue Lecourbe, 75015, Paris, France","75015","144 Rue Lecourbe","0208 272 8520","Coordinator","True","True","kelsie.ichou@cpl.contoso.com","kelsie.ichou","144 Rue Lecourbe",,"0206 710 4542","0205 614 4031",,,,,
"cpl-il-96","Navy","Ivy-rose Larrieu","19618333",,"Ivy-rose","07564 779 117","0203 784 8326","T","Paris","CPL","07564 779 117","Premier Bureau","210 Rue Saint-Maur, 75010, Paris, France","75010","210 Rue Saint-Maur","0208 720 5300","Coordinator","True","True","ivy-rose.larrieu@cpl.contoso.com","ivy-rose.larrieu","210 Rue Saint-Maur","0209 975 1102","0206 608 1342","0205 391 3597","False",,"C=FR;A= ;P=CPL;O=CPL;S=Larrieu;G=Ivy-rose;","/o=CPL/ou=Exchange Administrative Group (FYDIBOHF23SPDLT)/cn=Recipients/cn=Ivy-rose Larrieu",
"cpl-zd-97","Army","Zahra Delarue","36522546","0208 389 2153","Zahra","07810 937 798","0203 963 3491",,"Paris","CPL","07810 937 798","Premier Bureau","210 Rue Saint-Maur, 75010, Paris, France","75010","210 Rue Saint-Maur","0208 747 9442","Engineer","True","True","zahra.delarue@cpl.contoso.com","zahra.delarue","210 Rue Saint-Maur","0209 287 8088",,"0205 666 3681",,"SMTP:zahra.delarue@cpl.contoso.com","C=FR;A= ;P=CPL;O=CPL;S=Delarue;G=Zahra;","/o=CPL/ou=Exchange Administrative Group (FYDIBOHF23SPDLT)/cn=Recipients/cn=Zahra Delarue","sip:zahra.delarue@cpl.contoso.com"
"cpl-fq-98","Army","Fern Quentel","54248863","0208 518 7673","Fern","07753 887 224","0203 901 7698",,"Paris","CPL","07753 887 224","Deuxi??me Bureau","144 Rue Lecourbe, 75015, Paris, France","75015","144 Rue Lecourbe","0208 221 6588","Manager","True","True","fern.quentel@cpl.contoso.com","fern.quentel","144 Rue Lecourbe","0209 885 8262",,"0205 437 7814","True",,,,
"cpl-lw-99","Army","Laila Wion","16292871",,"Laila","07762 956 622","0203 485 3685","n","Paris","CPL","07762 956 622","Premier Bureau","210 Rue Saint-Maur, 75010, Paris, France","75010","210 Rue Saint-Maur","0208 649 7573","Manager","True","True","laila.wion@cpl.contoso.com","laila.wion","210 Rue Saint-Maur",,"0206 731 7888","0205 931 8722","True","SMTP:laila.wion@cpl.contoso.com","C=FR;A= ;P=CPL;O=CPL;S=Wion;G=Laila;","/o=CPL/ou=Exchange Administrative Group (FYDIBOHF23SPDLT)/cn=Recipients/cn=Laila Wion",
"cpl-an-100","Army","Amani Nouri","65353363",,"Amani","07929 610 587","0203 608 7958",,"Paris","CPL","07929 610 587","Premier Bureau","210 Rue Saint-Maur, 75010, Paris, France","75010","210 Rue Saint-Maur","0208 262 3873","Manager","True","True","amani.nouri@cpl.contoso.com","amani.nouri","210 Rue Saint-Maur","0209 757 4489",,"0205 796 9029","False","SMTP:amani.nouri@cpl.contoso.com",,,
