"employeeId","firstName","lastName","email","department","title","samAccountName","displayName","status"
"EMP000001","Bob","Smith","bob.smith1@testdomain.local","HR","Director","bob.smith1","Bob Smith","Active"
"EMP000002","Charlie","Smith","charlie.smith2@testdomain.local","Sales","Analyst","charlie.smith2","Charlie Smith","Active"
"EMP000003","Diana","Smith","diana.smith3@testdomain.local","Finance","Specialist","diana.smith3","Diana Smith","Active"
"EMP000004","Edward","Smith","edward.smith4@testdomain.local","Operations","Coordinator","edward.smith4","Edward Smith","Active"
"EMP000005","Fiona","Smith","fiona.smith5@testdomain.local","Marketing","Administrator","fiona.smith5","Fiona Smith","Active"
"EMP000006","George","Smith","george.smith6@testdomain.local","Legal","Engineer","george.smith6","George Smith","Active"
"EMP000007","Hannah","Smith","hannah.smith7@testdomain.local","Engineering","Developer","hannah.smith7","Hannah Smith","Active"
"EMP000008","Ian","Smith","ian.smith8@testdomain.local","Support","Consultant","ian.smith8","Ian Smith","Active"
"EMP000009","Julia","Smith","julia.smith9@testdomain.local","Admin","Associate","julia.smith9","Julia Smith","Active"
"EMP000010","Kevin","Smith","kevin.smith10@testdomain.local","IT","Manager","kevin.smith10","Kevin Smith","Active"
"EMP000011","Laura","Johnson","laura.johnson11@testdomain.local","HR","Director","laura.johnson11","Laura Johnson","Active"
"EMP000012","Michael","Johnson","michael.johnson12@testdomain.local","Sales","Analyst","michael.johnson12","Michael Johnson","Active"
"EMP000013","Nancy","Johnson","nancy.johnson13@testdomain.local","Finance","Specialist","nancy.johnson13","Nancy Johnson","Active"
"EMP000014","Oliver","Johnson","oliver.johnson14@testdomain.local","Operations","Coordinator","oliver.johnson14","Oliver Johnson","Active"
"EMP000015","Patricia","Johnson","patricia.johnson15@testdomain.local","Marketing","Administrator","patricia.johnson15","Patricia Johnson","Active"
"EMP000016","Quentin","Johnson","quentin.johnson16@testdomain.local","Legal","Engineer","quentin.johnson16","Quentin Johnson","Active"
"EMP000017","Rachel","Johnson","rachel.johnson17@testdomain.local","Engineering","Developer","rachel.johnson17","Rachel Johnson","Active"
"EMP000018","Steven","Johnson","steven.johnson18@testdomain.local","Support","Consultant","steven.johnson18","Steven Johnson","Active"
"EMP000019","Tina","Johnson","tina.johnson19@testdomain.local","Admin","Associate","tina.johnson19","Tina Johnson","Active"
"EMP000020","Alice","Johnson","alice.johnson20@testdomain.local","IT","Manager","alice.johnson20","Alice Johnson","Active"
"EMP000021","Bob","Johnson","bob.johnson21@testdomain.local","HR","Director","bob.johnson21","Bob Johnson","Active"
"EMP000022","Charlie","Johnson","charlie.johnson22@testdomain.local","Sales","Analyst","charlie.johnson22","Charlie Johnson","Active"
"EMP000023","Diana","Johnson","diana.johnson23@testdomain.local","Finance","Specialist","diana.johnson23","Diana Johnson","Active"
"EMP000024","Edward","Johnson","edward.johnson24@testdomain.local","Operations","Coordinator","edward.johnson24","Edward Johnson","Active"
"EMP000025","Fiona","Johnson","fiona.johnson25@testdomain.local","Marketing","Administrator","fiona.johnson25","Fiona Johnson","Active"
"EMP000026","George","Johnson","george.johnson26@testdomain.local","Legal","Engineer","george.johnson26","George Johnson","Active"
"EMP000027","Hannah","Johnson","hannah.johnson27@testdomain.local","Engineering","Developer","hannah.johnson27","Hannah Johnson","Active"
"EMP000028","Ian","Johnson","ian.johnson28@testdomain.local","Support","Consultant","ian.johnson28","Ian Johnson","Active"
"EMP000029","Julia","Johnson","julia.johnson29@testdomain.local","Admin","Associate","julia.johnson29","Julia Johnson","Active"
"EMP000030","Kevin","Williams","kevin.williams30@testdomain.local","IT","Manager","kevin.williams30","Kevin Williams","Active"
"EMP000031","Laura","Williams","laura.williams31@testdomain.local","HR","Director","laura.williams31","Laura Williams","Active"
"EMP000032","Michael","Williams","michael.williams32@testdomain.local","Sales","Analyst","michael.williams32","Michael Williams","Active"
"EMP000033","Nancy","Williams","nancy.williams33@testdomain.local","Finance","Specialist","nancy.williams33","Nancy Williams","Active"
"EMP000034","Oliver","Williams","oliver.williams34@testdomain.local","Operations","Coordinator","oliver.williams34","Oliver Williams","Active"
"EMP000035","Patricia","Williams","patricia.williams35@testdomain.local","Marketing","Administrator","patricia.williams35","Patricia Williams","Active"
"EMP000036","Quentin","Williams","quentin.williams36@testdomain.local","Legal","Engineer","quentin.williams36","Quentin Williams","Active"
"EMP000037","Rachel","Williams","rachel.williams37@testdomain.local","Engineering","Developer","rachel.williams37","Rachel Williams","Active"
"EMP000038","Steven","Williams","steven.williams38@testdomain.local","Support","Consultant","steven.williams38","Steven Williams","Active"
"EMP000039","Tina","Williams","tina.williams39@testdomain.local","Admin","Associate","tina.williams39","Tina Williams","Active"
"EMP000040","Alice","Williams","alice.williams40@testdomain.local","IT","Manager","alice.williams40","Alice Williams","Active"
"EMP000041","Bob","Williams","bob.williams41@testdomain.local","HR","Director","bob.williams41","Bob Williams","Active"
"EMP000042","Charlie","Williams","charlie.williams42@testdomain.local","Sales","Analyst","charlie.williams42","Charlie Williams","Active"
"EMP000043","Diana","Williams","diana.williams43@testdomain.local","Finance","Specialist","diana.williams43","Diana Williams","Active"
"EMP000044","Edward","Williams","edward.williams44@testdomain.local","Operations","Coordinator","edward.williams44","Edward Williams","Active"
"EMP000045","Fiona","Williams","fiona.williams45@testdomain.local","Marketing","Administrator","fiona.williams45","Fiona Williams","Active"
"EMP000046","George","Williams","george.williams46@testdomain.local","Legal","Engineer","george.williams46","George Williams","Active"
"EMP000047","Hannah","Williams","hannah.williams47@testdomain.local","Engineering","Developer","hannah.williams47","Hannah Williams","Active"
"EMP000048","Ian","Williams","ian.williams48@testdomain.local","Support","Consultant","ian.williams48","Ian Williams","Active"
"EMP000049","Julia","Williams","julia.williams49@testdomain.local","Admin","Associate","julia.williams49","Julia Williams","Active"
"EMP000050","Kevin","Williams","kevin.williams50@testdomain.local","IT","Manager","kevin.williams50","Kevin Williams","Active"
"EMP000051","Laura","Brown","laura.brown51@testdomain.local","HR","Director","laura.brown51","Laura Brown","Active"
"EMP000052","Michael","Brown","michael.brown52@testdomain.local","Sales","Analyst","michael.brown52","Michael Brown","Active"
"EMP000053","Nancy","Brown","nancy.brown53@testdomain.local","Finance","Specialist","nancy.brown53","Nancy Brown","Active"
"EMP000054","Oliver","Brown","oliver.brown54@testdomain.local","Operations","Coordinator","oliver.brown54","Oliver Brown","Active"
"EMP000055","Patricia","Brown","patricia.brown55@testdomain.local","Marketing","Administrator","patricia.brown55","Patricia Brown","Active"
"EMP000056","Quentin","Brown","quentin.brown56@testdomain.local","Legal","Engineer","quentin.brown56","Quentin Brown","Active"
"EMP000057","Rachel","Brown","rachel.brown57@testdomain.local","Engineering","Developer","rachel.brown57","Rachel Brown","Active"
"EMP000058","Steven","Brown","steven.brown58@testdomain.local","Support","Consultant","steven.brown58","Steven Brown","Active"
"EMP000059","Tina","Brown","tina.brown59@testdomain.local","Admin","Associate","tina.brown59","Tina Brown","Active"
"EMP000060","Alice","Brown","alice.brown60@testdomain.local","IT","Manager","alice.brown60","Alice Brown","Active"
"EMP000061","Bob","Brown","bob.brown61@testdomain.local","HR","Director","bob.brown61","Bob Brown","Active"
"EMP000062","Charlie","Brown","charlie.brown62@testdomain.local","Sales","Analyst","charlie.brown62","Charlie Brown","Active"
"EMP000063","Diana","Brown","diana.brown63@testdomain.local","Finance","Specialist","diana.brown63","Diana Brown","Active"
"EMP000064","Edward","Brown","edward.brown64@testdomain.local","Operations","Coordinator","edward.brown64","Edward Brown","Active"
"EMP000065","Fiona","Brown","fiona.brown65@testdomain.local","Marketing","Administrator","fiona.brown65","Fiona Brown","Active"
"EMP000066","George","Brown","george.brown66@testdomain.local","Legal","Engineer","george.brown66","George Brown","Active"
"EMP000067","Hannah","Brown","hannah.brown67@testdomain.local","Engineering","Developer","hannah.brown67","Hannah Brown","Active"
"EMP000068","Ian","Brown","ian.brown68@testdomain.local","Support","Consultant","ian.brown68","Ian Brown","Active"
"EMP000069","Julia","Brown","julia.brown69@testdomain.local","Admin","Associate","julia.brown69","Julia Brown","Active"
"EMP000070","Kevin","Jones","kevin.jones70@testdomain.local","IT","Manager","kevin.jones70","Kevin Jones","Active"
"EMP000071","Laura","Jones","laura.jones71@testdomain.local","HR","Director","laura.jones71","Laura Jones","Active"
"EMP000072","Michael","Jones","michael.jones72@testdomain.local","Sales","Analyst","michael.jones72","Michael Jones","Active"
"EMP000073","Nancy","Jones","nancy.jones73@testdomain.local","Finance","Specialist","nancy.jones73","Nancy Jones","Active"
"EMP000074","Oliver","Jones","oliver.jones74@testdomain.local","Operations","Coordinator","oliver.jones74","Oliver Jones","Active"
"EMP000075","Patricia","Jones","patricia.jones75@testdomain.local","Marketing","Administrator","patricia.jones75","Patricia Jones","Active"
"EMP000076","Quentin","Jones","quentin.jones76@testdomain.local","Legal","Engineer","quentin.jones76","Quentin Jones","Active"
"EMP000077","Rachel","Jones","rachel.jones77@testdomain.local","Engineering","Developer","rachel.jones77","Rachel Jones","Active"
"EMP000078","Steven","Jones","steven.jones78@testdomain.local","Support","Consultant","steven.jones78","Steven Jones","Active"
"EMP000079","Tina","Jones","tina.jones79@testdomain.local","Admin","Associate","tina.jones79","Tina Jones","Active"
"EMP000080","Alice","Jones","alice.jones80@testdomain.local","IT","Manager","alice.jones80","Alice Jones","Active"
"EMP000081","Bob","Jones","bob.jones81@testdomain.local","HR","Director","bob.jones81","Bob Jones","Active"
"EMP000082","Charlie","Jones","charlie.jones82@testdomain.local","Sales","Analyst","charlie.jones82","Charlie Jones","Active"
"EMP000083","Diana","Jones","diana.jones83@testdomain.local","Finance","Specialist","diana.jones83","Diana Jones","Active"
"EMP000084","Edward","Jones","edward.jones84@testdomain.local","Operations","Coordinator","edward.jones84","Edward Jones","Active"
"EMP000085","Fiona","Jones","fiona.jones85@testdomain.local","Marketing","Administrator","fiona.jones85","Fiona Jones","Active"
"EMP000086","George","Jones","george.jones86@testdomain.local","Legal","Engineer","george.jones86","George Jones","Active"
"EMP000087","Hannah","Jones","hannah.jones87@testdomain.local","Engineering","Developer","hannah.jones87","Hannah Jones","Active"
"EMP000088","Ian","Jones","ian.jones88@testdomain.local","Support","Consultant","ian.jones88","Ian Jones","Active"
"EMP000089","Julia","Jones","julia.jones89@testdomain.local","Admin","Associate","julia.jones89","Julia Jones","Active"
"EMP000090","Kevin","Jones","kevin.jones90@testdomain.local","IT","Manager","kevin.jones90","Kevin Jones","Active"
"EMP000091","Laura","Garcia","laura.garcia91@testdomain.local","HR","Director","laura.garcia91","Laura Garcia","Active"
"EMP000092","Michael","Garcia","michael.garcia92@testdomain.local","Sales","Analyst","michael.garcia92","Michael Garcia","Active"
"EMP000093","Nancy","Garcia","nancy.garcia93@testdomain.local","Finance","Specialist","nancy.garcia93","Nancy Garcia","Active"
"EMP000094","Oliver","Garcia","oliver.garcia94@testdomain.local","Operations","Coordinator","oliver.garcia94","Oliver Garcia","Active"
"EMP000095","Patricia","Garcia","patricia.garcia95@testdomain.local","Marketing","Administrator","patricia.garcia95","Patricia Garcia","Active"
"EMP000096","Quentin","Garcia","quentin.garcia96@testdomain.local","Legal","Engineer","quentin.garcia96","Quentin Garcia","Active"
"EMP000097","Rachel","Garcia","rachel.garcia97@testdomain.local","Engineering","Developer","rachel.garcia97","Rachel Garcia","Active"
"EMP000098","Steven","Garcia","steven.garcia98@testdomain.local","Support","Consultant","steven.garcia98","Steven Garcia","Active"
"EMP000099","Tina","Garcia","tina.garcia99@testdomain.local","Admin","Associate","tina.garcia99","Tina Garcia","Active"
"EMP000100","Alice","Garcia","alice.garcia100@testdomain.local","IT","Manager","alice.garcia100","Alice Garcia","Active"
"EMP999999","Tina","Martin","test.joiner@testdomain.local","Admin","Associate","test.joiner","Test Joiner","Active"
"EMP999999","Tina","Martin","test.joiner@testdomain.local","Admin","Associate","test.joiner","Test Joiner","Active"
"EMP999999","Tina","Martin","test.joiner@testdomain.local","Admin","Associate","test.joiner","Test Joiner","Active"
